risk-assesment,pop_density,build_density,road_density,lightybrity,area,light-estimation
10.0,10.0,10,10,10,10,132001.0
5.645487534185348,10.0,10,8,10,6,74521.0
4.086408436299726,7.0,5,10,10,9,53941.0
1.019008189331898,2.0,1,3,10,10,13451.01
0.019020310452193545,0.1,0,1,10,7,251.07
