,pop_density,build_density,road_density,lightybrity,area,light-estimation,risk-assesment
0,10.0,10,10,10,10,132001.0,10.0
1,10.0,10,8,10,1,121081.0,9.172733539897425
2,7.0,5,10,10,1,58621.0,4.440951204915114
3,2.0,1,3,10,10,13451.01,1.019008189331898
4,0.1,0,1,10,7,11711.07,0.8871955515488528
