risk-assesment,pop_density,build_density,road_density,lightybrity,area,light-estimation
2.7341459534397474,10.0,10,8,5,6,36091.0
1.819380156210938,7.0,5,10,5,9,24016.0
0.15708233270960048,2.0,1,3,5,10,2073.5025
0.004434436102757067,0.1,0,1,5,7,58.535
